match id,dataset_type,win_pred_team_id,win_pred_score,indep_feat_id1,indep_feat_id2,indep_feat_id3,indep_feat_id4,indep_feat_id5,indep_feat_id6,indep_feat_id7,indep_feat_id8,indep_feat_id9,indep_feat_id10,train_algorithm,is_ensemble,train_hps_trees,train_hps_depth,train_hps_lr
9272619,r2,33949,0.52019536,0.6666666666666666,0.6823529411764706,1.1111111111111112,0.7937959383528157,0.6203338478248442,0.9449101796407187,1.0,1.102122199657226,154.1153846153846,60.0,XGBClassifier,no,13,2,0.17
9086958,r2,69,0.56228006,0.1428571428571428,0.6248492159227985,1.1923076923076923,0.8021666315937148,0.92086805512175,0.8068669527896994,0.2079207920792079,1.3488142748437801,142.83333333333334,0.0,XGBClassifier,no,13,2,0.17
9433654,r2,9701,0.61216825,0.6666666666666666,0.9671412924424972,0.7272727272727273,0.9217463677649315,1.7214804173159473,1.0148087206910736,0.3442622950819672,1.0940119917061941,155.73333333333332,0.0,XGBClassifier,no,13,2,0.17
9097248,r2,22784,0.50784934,0.5,0.9256198347107438,1.1666666666666667,0.9805657838670806,1.098238125351321,0.9720430107526882,0.2592592592592592,1.2909620991253643,142.5,0.0,XGBClassifier,no,13,2,0.17
9097234,r2,23750,0.6521377,0.1666666666666666,0.63003663003663,0.6774193548387096,0.9184884234862133,1.7357902653916406,1.183385579937304,1.0,1.0000000000000002,,100.0,XGBClassifier,no,13,2,0.17
9516555,r2,30393,0.5177705,0.9411764705882352,1.0460405156537753,0.8888888888888888,1.0499829698971932,0.7058023220962851,0.9965197215777263,1.4878048780487805,0.9389786669897301,185.3333333333333,66.67,XGBClassifier,no,13,2,0.17
9587129,r2,36112,0.5334674,0.8,0.851335656213705,1.0789473684210527,0.9179876809320984,0.7391976900072187,0.9508398197460057,1.9523809523809523,0.955388529588844,153.91666666666666,20.0,XGBClassifier,no,13,2,0.17
9615003,r2,27,0.61216825,0.4210526315789473,1.0772104607721047,0.9565217391304348,0.8170411643061647,1.6102603841318288,1.0023837902264598,0.2592592592592592,1.0211917046536092,147.0,0.0,XGBClassifier,no,13,2,0.17
9185406,r2,30428,0.5771548,0.6,0.8371246587807097,0.7659574468085106,1.0310528702555912,0.8603536106773347,0.989511899959661,1.975609756097561,0.9766840956553141,155.1,66.67,XGBClassifier,no,13,2,0.17
9128790,r2,36014,0.52528346,1.4,1.0734265734265733,1.4285714285714286,0.9239182864467933,1.3100016365553178,1.0165794066317626,0.5121951219512195,1.0587929915639194,161.96666666666667,0.0,XGBClassifier,no,13,2,0.17
9457657,r2,35790,0.5012829,1.2,1.1939058171745152,0.8,1.096724034024778,1.3893521357040672,1.0079306071871128,1.0,0.8059994854643684,148.6,0.0,XGBClassifier,no,13,2,0.17
9837204,r2,202,0.6279686,0.0,0.23255813953488372,0.20454545454545456,1.2244446061563732,0.2529186696752673,1.0314606741573034,1.650487804878049,0.7696267696267696,158.75,100.0,XGBClassifier,no,13,2,0.17
9272794,r2,33956,0.5826808,1.75,1.0090791180285343,1.1666666666666667,1.0628860704495495,0.6593655870426496,1.0497089117778773,1.0,0.9293930356617802,147.73333333333332,75.0,XGBClassifier,no,13,2,0.17
9489437,r2,46745,0.52008975,1.1538461538461535,1.112845138055222,0.868421052631579,1.0968010608611196,0.9145399115591841,0.8737068965517242,0.6721311475409836,0.9500196517785875,150.56666666666666,0.0,XGBClassifier,no,13,2,0.17
9272535,r2,33914,0.5771548,0.6666666666666666,0.6151545363908275,0.972972972972973,1.0291614016215116,1.2215709707621927,0.9809079338141705,1.975609756097561,0.9339821587867975,155.6,66.67,XGBClassifier,no,13,2,0.17
9586982,r2,36070,0.5184441,1.8,1.266304347826087,0.875,0.8556603990451566,1.6115469886161307,0.9502859656841179,0.3442622950819672,0.9981945327399873,158.3,66.67,XGBClassifier,no,13,2,0.17
8844310,r2,27,0.6448593,1.125,1.5159010600706713,0.975,1.1238266752712422,0.6068575727190678,1.0610526315789475,1.975609756097561,1.1214028145011816,154.71428571428572,100.0,XGBClassifier,no,13,2,0.17
8797081,r2,41,0.5534308,0.6,1.0314009661835748,1.225,1.1372862966942916,1.0177452112038106,1.014157014157014,1.0,0.8434461538461535,166.0,40.0,XGBClassifier,no,13,2,0.17
9084809,r2,7258,0.52019536,0.7,0.8946684005201561,1.4516129032258065,0.9585556009604395,0.735029012637652,0.9254828660436137,1.0,1.0843607694426889,148.15384615384616,50.0,XGBClassifier,no,13,2,0.17
9516576,r2,48341,0.52019536,0.7333333333333333,1.1877828054298643,1.0731707317073171,0.9130114603160406,0.701319120769474,1.0012200081333875,1.0,1.0797627874380435,160.06666666666666,0.0,XGBClassifier,no,13,2,0.17
9484488,r2,40550,0.533062,1.6666666666666667,1.1130030959752322,0.95,1.0716164289576935,1.0187422876314307,1.076797385620915,2.9047619047619047,0.9684239496393319,173.9,80.0,XGBClassifier,no,13,2,0.17
9250317,r2,153,0.6938507,0.0,0.4864864864864865,1.0,0.932720861172977,1.2105263157894737,0.8246753246753247,1.0,1.0,,0.0,XGBClassifier,no,13,2,0.17
9097430,r2,23869,0.52114856,0.6,0.9245541838134431,1.1612903225806452,1.0258908697727265,0.8718527208735674,0.9447300771208227,1.975609756097561,1.7159277504105088,146.66666666666666,100.0,XGBClassifier,no,13,2,0.17
9249183,r2,895,0.5622218,0.5,0.74,1.0,1.161565759486037,0.9953051643192489,1.0054945054945055,101.0,1.0,182.5,100.0,XGBClassifier,no,13,2,0.17
9433731,r2,9701,0.6766144,0.25,0.592552026286966,0.43636363636363634,0.8485460958176984,1.567410273788766,0.8527354997943233,0.6721311475409836,0.9165418194968229,164.5,0.0,XGBClassifier,no,13,2,0.17
9097339,r2,23750,0.5771548,0.25,0.7405498281786942,0.7714285714285715,0.9017034406110008,1.5786173675914161,0.9469670303883609,1.4878048780487805,1.4503474232773597,147.11111111111111,100.0,XGBClassifier,no,13,2,0.17
9128818,r2,30421,0.6200457,2.111111111111111,1.3329015544041452,1.7407407407407407,0.8698277716337345,1.182567260520577,1.0968586387434553,1.4878048780487805,0.9627622377622378,164.33333333333334,100.0,XGBClassifier,no,13,2,0.17
9084641,r2,9876,0.63096595,0.6,0.849896480331263,0.8157894736842105,0.8653236121907801,0.9539473562388318,0.9264938282150942,0.5121951219512195,0.9526109820227467,136.25,50.0,XGBClassifier,no,13,2,0.17
9837260,r2,237,0.6177108,0.4,0.6619469026548672,0.5853658536585366,1.0916163630238636,1.5116757510501135,0.9605009633911368,0.6721311475409836,1.2029900332225913,150.75,0.0,XGBClassifier,no,13,2,0.17
9489374,r2,46745,0.54764426,1.0714285714285714,0.9861702127659574,0.85,1.046882784363978,0.9157007933509633,0.8706243288847982,0.6721311475409836,0.9046013170241705,171.36666666666667,0.0,XGBClassifier,no,13,2,0.17
9433661,r2,10618,0.53194696,0.5714285714285714,0.7451403887688985,0.8611111111111112,1.0655259781764006,0.8509002920433935,0.9988109393579073,1.3278688524590163,0.9539496262855433,167.83333333333334,60.0,XGBClassifier,no,13,2,0.17
9684282,r2,13957,0.5713344,1.8,1.5445920303605314,1.0869565217391304,1.2831433964837442,1.195956793076686,0.8923237096063747,1.0,1.0412622248879557,,0.0,XGBClassifier,no,13,2,0.17
9684695,r2,11283,0.538933,1.5,0.8285714285714286,0.42857142857142855,1.1615109514313493,1.142583847275549,0.9408139218707514,1.0,1.2891416276031664,119.63333333333334,0.0,XGBClassifier,no,13,2,0.17
9490060,r2,188,0.6200457,3.0,1.799625468164794,0.967741935483871,0.9724824075084499,0.8688070208668751,1.1198408751864743,2.9047619047619047,0.9808016421780466,157.93333333333334,100.0,XGBClassifier,no,13,2,0.17
9076850,r2,45072,0.55492336,0.6666666666666666,0.843585237258348,1.8571428571428572,1.348002572192925,15.690000000000001,,34.33,,120.76666666666668,0.0,XGBClassifier,no,13,2,0.17
9084977,r2,7727,0.5045689,1.1428571428571428,1.0054347826086956,0.7272727272727273,0.9893683411043965,0.9347312883908112,1.1565217391304348,1.0,0.6758365008017244,149.625,66.67,XGBClassifier,no,13,2,0.17
9271674,r2,47487,0.52114856,0.6363636363636364,0.7534403669724771,1.1111111111111112,0.8700606283934338,1.535767516626955,0.9523255813953487,1.9523809523809523,0.8874098193686779,154.42857142857142,0.0,XGBClassifier,no,13,2,0.17
9094287,r2,46752,0.60675514,0.5333333333333333,0.85385500575374,0.8888888888888888,1.0280648603388263,0.62080003181041,1.080260775081492,2.9047619047619047,1.0205596426694692,141.13333333333333,100.0,XGBClassifier,no,13,2,0.17
9457440,r2,35790,0.5847993,0.8333333333333334,1.0503048780487805,1.3333333333333333,0.98551891005498,21.422309027777775,0.8607954545454546,0.2079207920792079,0.5581196581196581,152.42857142857142,0.0,XGBClassifier,no,13,2,0.17
9084928,r2,7608,0.5617171,1.1428571428571428,1.0191256830601092,0.631578947368421,1.1297663781291762,1.909470552601113,0.9425427872860636,0.5121951219512195,0.9697307927396422,148.15384615384616,0.0,XGBClassifier,no,13,2,0.17
9484558,r2,40578,0.5093931,0.7272727272727273,0.9821428571428571,1.125,0.8565868110844226,0.881574530713419,1.0124368441507967,1.4878048780487805,1.0907018077219899,170.9,60.0,XGBClassifier,no,13,2,0.17
9830764,r2,76,0.69174755,1.0,1.3004291845493563,1.08,1.2311799514602817,0.5737077217613273,1.115009746588694,1.4878048780487805,0.6313193845916361,127.5,50.0,XGBClassifier,no,13,2,0.17
9438281,r2,76,0.5334674,0.625,1.0711610486891385,1.25,0.8461201428909627,0.5064433442185471,1.043437204910293,1.4878048780487805,0.7803500286261426,145.36363636363637,60.0,XGBClassifier,no,13,2,0.17
8887724,r2,33935,0.50796854,1.25,1.0938375350140057,1.3513513513513513,0.9296091580989084,0.6624655731373924,1.0465208747514911,1.3278688524590163,0.8793220203951562,139.1,50.0,XGBClassifier,no,13,2,0.17
9702755,r2,33942,0.53019977,1.2307692307692308,0.8569915254237288,0.9523809523809523,0.8925657572404887,0.5723755411255412,0.9281837160751566,1.9523809523809523,1.0853723404255318,152.78571428571428,33.33,XGBClassifier,no,13,2,0.17
9085026,r2,8182,0.50254786,1.0,1.2222222222222223,0.75,0.9921632885345176,0.8011104495008362,0.9710959454034526,2.9047619047619047,1.0415205398949783,159.95454545454547,50.0,XGBClassifier,no,13,2,0.17
9489409,r2,46731,0.52893925,1.0,0.943031536113937,1.0,1.1198893890706563,1.094253932137891,0.9323827046918123,0.5061728395061729,1.0668105314818561,159.66666666666666,0.0,XGBClassifier,no,13,2,0.17
9407691,r2,48943,0.60937846,1.2857142857142858,1.2727272727272727,1.5925925925925926,0.9063471157834253,1.8553170731707318,0.8660714285714286,0.7536574552977686,0.973611111111111,122.75,0.0,XGBClassifier,no,13,2,0.17
9887856,r2,293,0.5098878,1.0,0.9517684887459807,1.40625,1.1330692703385081,1.2600946676970632,0.9090909090909091,1.0,0.9849260746107903,140.86666666666667,50.0,XGBClassifier,no,13,2,0.17
9331230,r2,12389,0.63096595,0.0,0.3523489932885906,0.6923076923076923,0.9103975184324068,1.2217659186180552,0.9388335704125178,0.5121951219512195,1.0438340041005392,125.85714285714286,0.0,XGBClassifier,no,13,2,0.17
9290896,r2,69,0.5340426,1.5714285714285714,1.2900158478605388,0.6052631578947368,1.0681026129354663,1.4510609164302382,0.9456713780918726,0.5121951219512195,1.0826368872315122,136.6,0.0,XGBClassifier,no,13,2,0.17
9051167,r2,44904,0.5518065,1.0,0.8403587443946189,0.6136363636363636,1.1377729140532373,2.3833235120801413,0.9220532319391634,0.0099009900990099,1.2245558487247143,164.0,33.33,XGBClassifier,no,13,2,0.17
9702741,r2,33956,0.55079675,1.6666666666666667,1.0601684717208182,1.048780487804878,0.831341520414946,0.5232402614576643,0.9758167161646162,3.857142857142857,0.8374938995926351,147.5,80.0,XGBClassifier,no,13,2,0.17
9128587,r2,36014,0.54517823,0.8571428571428571,0.9494079655543596,0.8913043478260869,1.0618663003852846,0.9694815702177528,0.9904222899434044,0.7530864197530864,0.7931362777109471,178.8125,50.0,XGBClassifier,no,13,2,0.17
9352349,r2,48,0.50784934,0.8260869565217391,0.8252666119770303,1.2162162162162162,0.9510816823608292,1.1646145741115896,0.9292210359826018,1.0,0.9287838986324651,151.03333333333333,50.0,XGBClassifier,no,13,2,0.17
9388553,r2,17982,0.50749725,1.75,1.1266318537859008,1.0526315789473684,1.224175782786342,1.1764632529472892,1.1924818840579712,1.4878048780487805,0.9042100154289806,153.5,25.0,XGBClassifier,no,13,2,0.17
9587122,r2,36084,0.58999634,3.5,1.9300970873786407,0.7021276595744681,1.027387809820928,0.894728882534096,1.0554815801154018,1.975609756097561,1.0127860888121574,155.1818181818182,60.0,XGBClassifier,no,13,2,0.17
8950766,r2,55,0.59574264,0.65,0.9659574468085106,0.9523809523809523,1.1192616290670558,1.0416420990566038,1.0238198354265915,0.4059405940594059,0.6759323268002325,150.22222222222223,0.0,XGBClassifier,no,13,2,0.17
9490067,r2,188,0.6621488,3.75,1.799625468164794,1.064516129032258,1.062993968552133,0.8688070208668751,1.1198408751864743,2.9047619047619047,0.9808016421780466,157.93333333333334,100.0,XGBClassifier,no,13,2,0.17
9433143,r2,8182,0.50784934,0.5384615384615384,0.963985594237695,1.2857142857142858,0.8537021988215804,0.9750095493065343,1.0040469445568596,1.0,1.3241069275552033,152.43333333333334,100.0,XGBClassifier,no,13,2,0.17
9271709,r2,47501,0.6731155,1.5,1.7440147329650093,0.9428571428571428,1.1802211684780808,0.47807203233834505,1.0613250685905904,2.9047619047619047,0.9246452255997284,161.83333333333334,100.0,XGBClassifier,no,13,2,0.17
9856741,r2,216,0.5196241,0.0,0.7660311958405546,0.85,1.121520693638333,0.7390019598974825,1.0328792860497886,1.975609756097561,0.9465143194231159,145.30769230769232,100.0,XGBClassifier,no,13,2,0.17
9084627,r2,8056,0.5178726,2.5,1.25,0.9285714285714286,1.0168614416163353,1.0578524737572783,1.1681776806845077,1.4878048780487805,0.8764501213112342,167.94444444444446,100.0,XGBClassifier,no,13,2,0.17
9587150,r2,36126,0.50784934,0.625,0.7755102040816326,1.0571428571428572,1.0046100305566743,1.1861479507356536,0.9201819685690654,1.0,0.940249852158486,152.96153846153845,25.0,XGBClassifier,no,13,2,0.17
9084865,r2,6698,0.51202595,1.2727272727272727,1.149214659685864,0.8043478260869565,1.0641014226954648,1.467158953327298,1.0063725490196078,1.975609756097561,1.2668326272728596,162.4,0.0,XGBClassifier,no,13,2,0.17
9085404,r2,8056,0.5900929,0.7777777777777778,0.8162729658792651,0.875,0.9851491804956561,1.1204271702124002,0.9266211604095563,0.5121951219512195,1.0507349689026364,164.8181818181818,0.0,XGBClassifier,no,13,2,0.17
9388448,r2,17744,0.6561469,0.5294117647058824,0.7,0.9428571428571428,0.7469152768870418,0.8140991555975058,0.8238993710691824,0.3442622950819672,0.7517733668589793,191.41666666666663,66.67,XGBClassifier,no,13,2,0.17
9128811,r2,30428,0.5231032,1.0,0.7781007751937985,0.7346938775510204,0.958851429181571,1.19414474217294,1.0315091210613598,0.6721311475409836,1.1543565245794545,179.625,50.0,XGBClassifier,no,13,2,0.17
9271660,r2,47508,0.50784934,0.8888888888888888,0.9656699889258029,1.0789473684210527,1.0053932729415946,1.2434709856951884,0.9817351598173517,0.3442622950819672,1.2599657160666975,159.83333333333334,0.0,XGBClassifier,no,13,2,0.17
8887696,r2,33963,0.5863209,1.0,0.9505494505494505,1.1764705882352942,1.1022858497564259,0.5448452002740919,1.1084178052005287,61.0,1.0708876871189599,159.5,66.67,XGBClassifier,no,13,2,0.17
9097311,r2,23750,0.5771548,0.25,0.8762886597938144,0.5428571428571428,0.8546541188545491,1.1468845125326932,1.04012671594509,1.4878048780487805,1.0354202268137331,148.75,100.0,XGBClassifier,no,13,2,0.17
9271793,r2,47487,0.50534177,1.4285714285714286,0.8198074277854195,1.1764705882352942,0.9753167339434873,0.459912768773213,1.0702702702702702,1.0,0.9767060132032146,130.26666666666668,25.0,XGBClassifier,no,13,2,0.17
8887815,r2,33914,0.5067442,0.6666666666666666,0.9292565947242206,1.125,1.0364087642163882,0.4479245333346671,1.2000913659205115,3.857142857142857,0.920185972116119,158.25,100.0,XGBClassifier,no,13,2,0.17
9433668,r2,9876,0.6367444,1.8571428571428568,1.562798092209857,1.375,1.2896498219941581,0.6892266508030934,1.2478477571363842,81.0,0.963361923950231,149.83333333333334,100.0,XGBClassifier,no,13,2,0.17
9128671,r2,48341,0.5334674,0.5,1.1053952321204517,1.1578947368421053,0.8347282158697285,0.3824721054178755,1.1259877085162422,1.975609756097561,1.1400511807488554,160.0909090909091,0.0,XGBClassifier,no,13,2,0.17
9330453,r2,14454,0.60742414,2.0,11.961538461538462,1.2777777777777777,0.9982647600913579,1.0533944744257626,0.9782894736842105,0.5061728395061729,0.9785924713584286,165.0,0.0,XGBClassifier,no,13,2,0.17
9085194,r2,7608,0.5127787,0.8333333333333334,1.0029368575624082,1.03125,1.0429170382255546,0.794831989735396,1.0267934312878133,1.9523809523809523,1.062467656819879,165.45,66.67,XGBClassifier,no,13,2,0.17
9352237,r2,202,0.56228006,0.2857142857142857,0.9624352331606217,1.2222222222222223,0.9696102948104651,1.1490963855421685,0.7852808768839302,0.3442622950819672,1.2486880820214155,144.93333333333334,0.0,XGBClassifier,no,13,2,0.17
9587108,r2,36084,0.5900929,0.5625,0.8329979879275654,0.8611111111111112,0.9859199248454612,1.1557829714654497,0.9356602186711523,1.0,0.9626766437805099,155.1818181818182,25.0,XGBClassifier,no,13,2,0.17
9225355,r2,41,0.54420656,0.9285714285714286,1.1498371335504887,0.7083333333333334,1.0301175467619792,0.9740659092649387,1.097286012526096,1.4878048780487805,1.3215195941986797,160.25,66.67,XGBClassifier,no,13,2,0.17
9094434,r2,46773,0.53019977,1.2,0.9010123734533183,0.9117647058823529,0.9882220930369809,0.7656622109099754,0.9587048832271763,1.4878048780487805,0.7022291612455545,148.13333333333333,100.0,XGBClassifier,no,13,2,0.17
9866387,r2,17744,0.6066677,0.2352941176470588,0.6704416761041903,0.6666666666666666,0.8830736777216474,1.070016561541985,0.8863723608445299,1.975609756097561,1.0165135386732504,191.41666666666663,60.0,XGBClassifier,no,13,2,0.17
9849706,r2,251,0.59574264,0.6666666666666666,1.0834879406307978,0.8297872340425532,1.1071585996555813,1.4271830519970956,1.1733333333333333,0.7530864197530864,0.6084980655465237,127.5,0.0,XGBClassifier,no,13,2,0.17
9433423,r2,10366,0.5385397,1.181818181818182,1.228094575799722,1.0571428571428572,1.0201705023047878,0.9543940590869302,1.0067273446774831,1.4878048780487805,0.936014843427877,156.5,100.0,XGBClassifier,no,13,2,0.17
9085390,r2,7258,0.6448593,1.8571428571428568,1.3858520900321543,1.3225806451612903,1.1296486827875505,0.5235717594429075,1.0796500920810312,4.809523809523809,1.1208485636903982,150.27272727272728,50.0,XGBClassifier,no,13,2,0.17
9084872,r2,9967,0.5900929,0.6666666666666666,0.8500669344042838,0.92,1.0196638051148363,1.079343456503178,1.0187234042553193,0.6721311475409836,0.7291552660152009,149.625,50.0,XGBClassifier,no,13,2,0.17
9433101,r2,6838,0.50784934,0.6923076923076923,1.09009009009009,1.1176470588235294,0.9826779267663743,0.9980002489316678,0.95,1.0,1.0003982193715821,167.03333333333333,33.33,XGBClassifier,no,13,2,0.17
9084991,r2,9876,0.5327175,1.5454545454545454,1.1118721461187215,1.5,1.0569817140915212,1.6739473306887158,0.994484967087707,1.975609756097561,1.3645897278493964,146.3125,100.0,XGBClassifier,no,13,2,0.17
9272521,r2,33956,0.63096595,0.8125,1.108695652173913,0.9583333333333334,0.8653324930460691,0.8477369753176481,0.9497554468652735,0.6721311475409836,1.117971590581174,137.14285714285714,0.0,XGBClassifier,no,13,2,0.17
9433087,r2,10576,0.5107617,1.0,1.1844512195121952,0.8947368421052632,1.0097136226883938,0.7493432404284096,1.0694736842105264,1.0,1.0414867713754503,161.9375,100.0,XGBClassifier,no,13,2,0.17
9684184,r2,32388,0.5434199,0.0,0.7313432835820896,3.727272727272727,0.947460723879127,0.839717956920452,1.1592851592851594,1.0,1.10024368630926,139.36363636363637,0.0,XGBClassifier,no,13,2,0.17
9388560,r2,17653,0.52443314,1.6666666666666667,1.4314442413162705,0.8666666666666667,0.8035604665438919,0.9562314094282367,1.014336917562724,1.0,1.0887440932836245,152.8,100.0,XGBClassifier,no,13,2,0.17
9793832,r2,55,0.6824251,0.3888888888888889,0.6423963133640553,0.5142857142857142,0.7610384257120938,1.1511642775570674,0.8429060479269683,1.3278688524590163,0.9933705830914562,119.0,0.0,XGBClassifier,no,13,2,0.17
9097381,r2,22497,0.5612179,1.0,1.2170022371364653,1.2727272727272727,1.1812745471703112,0.9152626877453933,1.1008028545941124,0.8360655737704918,1.309179719037623,145.19230769230768,0.0,XGBClassifier,no,13,2,0.17
9433822,r2,7573,0.5900929,0.7142857142857143,0.7292134831460674,0.6578947368421053,0.9494576395600679,1.3811531748606023,0.9672801635991819,1.0,0.9495390106077131,157.03333333333333,50.0,XGBClassifier,no,13,2,0.17
9702804,r2,33949,0.59574264,0.5714285714285714,0.9987908101571947,1.0,1.0569512019352503,1.422875781546591,1.099343955014058,0.5121951219512195,1.1843400801534982,156.4,25.0,XGBClassifier,no,13,2,0.17
9128447,r2,48341,0.59364116,1.375,0.8962025316455696,0.8367346938775511,1.2505904515053254,11.845597595473834,0.8756335282651071,0.6039603960396039,0.5729166666666666,180.5,0.0,XGBClassifier,no,13,2,0.17
9830771,r2,76,0.6521377,0.6,0.768976897689769,0.7352941176470589,0.8333793729915421,1.743047830923248,0.896853146853147,0.6721311475409836,1.5839843103294573,127.5,50.0,XGBClassifier,no,13,2,0.17
8887738,r2,33935,0.5826808,1.25,0.911318553092182,1.1627906976744187,1.0589887989250522,0.7196568127526328,1.0677484787018254,1.0,1.0733134073441501,139.1,25.0,XGBClassifier,no,13,2,0.17
9516667,r2,48341,0.5012829,1.2857142857142858,1.2112068965517242,0.9772727272727273,1.0489095770778138,1.2257578759659202,1.120182345627849,1.0,0.8377519580828575,133.375,25.0,XGBClassifier,no,13,2,0.17
9262175,r2,36112,0.6893608,1.375,1.5602716468590832,1.075,1.117967038965495,0.9162520423090167,1.1785714285714288,1.4878048780487805,0.7860756626142114,160.25,50.0,XGBClassifier,no,13,2,0.17
9086993,r2,69,0.51202595,1.7142857142857142,1.1481994459833795,0.7222222222222222,1.0524578568902512,1.9443283843134203,0.9419331128261669,2.463414634146341,1.1855816996536757,135.0,0.0,XGBClassifier,no,13,2,0.17
9128748,r2,30414,0.5385397,1.9,1.055944055944056,1.7692307692307692,0.9557665893604985,1.1278847459089287,1.088132635253054,1.4878048780487805,1.0347391304347826,164.9,66.67,XGBClassifier,no,13,2,0.17
9433297,r2,8700,0.5486485,2.0,2.4055555555555554,0.8333333333333334,1.1328311733154066,2.0977321676512286,0.9927960378208015,0.024390243902439,1.0226924703166607,161.95833333333334,0.0,XGBClassifier,no,13,2,0.17
9272479,r2,33956,0.565049,0.6428571428571429,0.7818659658344284,0.8780487804878049,0.9517492828161679,0.7679863323614603,1.0270990670812972,1.975609756097561,1.0684448622290112,150.95833333333334,0.0,XGBClassifier,no,13,2,0.17
9097031,r2,216,0.5587675,0.1111111111111111,0.14144271570014144,0.1,1.1461721176685549,0.1779044456501134,1.1832782239017479,0.0163934426229508,1.9584223819700795,148.75,0.0,XGBClassifier,no,13,2,0.17
9516436,r2,48334,0.52612555,0.9333333333333332,1.41644908616188,0.6,0.831877876089191,0.9978437443305345,0.9148979004889272,1.4878048780487805,1.1066844035594037,171.5,100.0,XGBClassifier,no,13,2,0.17
9225362,r2,55,0.58999634,2.0,1.3584905660377358,0.8333333333333334,1.0027670544155618,0.9740659092649387,1.097286012526096,1.4878048780487805,1.3215195941986797,160.25,66.67,XGBClassifier,no,13,2,0.17
9388588,r2,17653,0.5327175,1.3333333333333333,1.0443864229765014,1.054054054054054,1.0905262491501313,1.0379976350019708,1.052536231884058,1.975609756097561,0.9645023378183223,152.8,40.0,XGBClassifier,no,13,2,0.17
9051153,r2,40578,0.50784934,0.5,0.7844183564567769,1.2592592592592593,0.9593368003514795,0.8486946358129447,1.0424742268041238,1.0,0.9394948139471089,164.0,100.0,XGBClassifier,no,13,2,0.17
9225369,r2,48,0.51202595,1.4,0.9342723004694836,0.9791666666666666,1.0466225762625554,1.1147145234938278,0.9924843423799583,2.463414634146341,1.2870273961096887,,0.0,XGBClassifier,no,13,2,0.17
9377311,r2,62,0.5836092,1.3888888888888888,1.22271714922049,1.2702702702702702,1.109791220518569,0.9982494443573304,0.9352965574450437,1.975609756097561,1.0803553800592298,162.5,75.0,XGBClassifier,no,13,2,0.17
9516478,r2,48334,0.5826808,2.6,1.0624133148404993,1.3333333333333333,1.0884457706174575,0.6707348577413161,1.0802162296508016,0.6721311475409836,0.8050825921219823,148.11111111111111,0.0,XGBClassifier,no,13,2,0.17
9084592,r2,7608,0.5003189,1.6666666666666667,0.9916666666666667,0.9459459459459459,1.0258030073849986,0.6184278892266353,0.9325190153246656,1.9523809523809523,0.7733804656881579,184.8333333333333,0.0,XGBClassifier,no,13,2,0.17
9457524,r2,40298,0.63346076,2.6,1.4632107023411371,1.1428571428571428,1.1352353332432406,0.8782026712268184,1.0337990936555892,2.9047619047619047,1.0586835844567806,149.13333333333333,50.0,XGBClassifier,no,13,2,0.17
9027374,r2,18360,0.5045689,1.3333333333333333,1.0263565891472868,0.7272727272727273,0.8708100869678819,1.429130331333526,0.888220120378332,0.5121951219512195,1.0064295057202337,155.625,0.0,XGBClassifier,no,13,2,0.17
9256358,r2,48,0.5786448,0.8,0.7529812606473595,1.5625,1.1793083395464554,0.782738011014076,0.9713935431140173,1.6557377049180328,1.243839130148318,157.95833333333334,0.0,XGBClassifier,no,13,2,0.17
9272577,r2,33935,0.5786448,0.8461538461538461,0.9038961038961039,1.4594594594594594,1.0933544174394674,0.775323910482921,1.0909477263068423,1.975609756097561,1.2133203796982708,142.60714285714286,50.0,XGBClassifier,no,13,2,0.17
9516548,r2,30407,0.50784934,0.2,0.8687782805429864,1.1282051282051282,0.8284664578241121,0.9668658311187581,0.9995933306222041,1.0,0.9835805578878626,169.3,50.0,XGBClassifier,no,13,2,0.17
9352230,r2,202,0.56228006,0.2857142857142857,0.9624352331606217,1.15625,0.9737751397891209,1.1490963855421685,0.7852808768839302,0.3442622950819672,1.2486880820214155,144.93333333333334,0.0,XGBClassifier,no,13,2,0.17
9433766,r2,9701,0.52019536,0.6428571428571429,0.873855544252289,1.25,1.0318939697358493,0.6385606642556901,0.8827160493827161,0.7530864197530864,1.0131737512708692,149.83333333333334,40.0,XGBClassifier,no,13,2,0.17
9128720,r2,30421,0.5231032,1.0555555555555556,0.8856304985337243,0.9387755102040817,0.9887558627772576,0.9057137559647755,1.0028146361077603,1.0,1.062955774634162,160.0909090909091,33.33,XGBClassifier,no,13,2,0.17
9388581,r2,17982,0.5375904,1.3333333333333333,1.2082018927444795,1.15625,0.8723908829373695,0.6522253300974867,0.9525452976704054,0.6721311475409836,1.0988654405172913,180.8333333333333,50.0,XGBClassifier,no,13,2,0.17
9051027,r2,40606,0.50784934,0.25,0.6450584484590861,1.375,0.8138685005066377,1.1461323646196355,0.8859084730403263,0.2592592592592592,0.8506743098983004,174.9,0.0,XGBClassifier,no,13,2,0.17
8950829,r2,34,0.5012829,1.6363636363636365,1.1803652968036529,1.0,1.162388358003872,1.3312855618605135,1.019315188762072,0.801980198019802,1.237510442601275,,0.0,XGBClassifier,no,13,2,0.17
9457587,r2,47529,0.5178726,1.5714285714285714,1.2053445850914206,0.8484848484848485,1.0431985267335502,0.8797199433473184,1.098676527831841,2.9047619047619047,0.7258950730113147,157.5,0.0,XGBClassifier,no,13,2,0.17
9503871,r2,293,0.5094847,0.8,0.8872679045092838,1.105263157894737,0.9589923842999416,0.6663676822551463,1.1768234165067177,41.0,0.7922335600907029,136.56666666666666,0.0,XGBClassifier,no,13,2,0.17
9484509,r2,44904,0.6885423,1.4,1.3351278600269179,1.0263157894736843,1.0646015932640138,0.48581877285656244,0.9590288315629742,1.0,0.810395931282665,142.5,75.0,XGBClassifier,no,13,2,0.17
9262203,r2,36112,0.5231837,1.0,1.0574098798397864,1.0789473684210527,1.169220136212371,1.3545267732231894,1.1528578654527062,2.9047619047619047,0.7030856256385032,145.75,33.33,XGBClassifier,no,13,2,0.17
9433409,r2,9967,0.52114856,0.4545454545454545,0.7182448036951501,1.105263157894737,1.0180336757122397,0.891464740872514,1.1519274376417235,21.0,1.036808089402294,143.07142857142858,50.0,XGBClassifier,no,13,2,0.17
9084893,r2,10576,0.5771548,0.5625,0.6315280464216635,0.975,0.9279381881927852,1.0429391134826604,1.0320239111870197,2.9047619047619047,1.1473726048029451,166.08333333333334,50.0,XGBClassifier,no,13,2,0.17
9084795,r2,8301,0.5045689,1.125,0.896978021978022,0.9512195121951219,0.9474454742330634,1.3565302795770398,1.0267629566694987,0.7530864197530864,1.3203896676962763,148.8,0.0,XGBClassifier,no,13,2,0.17
9433507,r2,7727,0.5151668,0.1428571428571428,0.6073558648111332,1.1875,0.8521384842140717,1.9556653939455604,0.9920729290527152,0.0123456790123456,1.120569897661351,168.1153846153846,25.0,XGBClassifier,no,13,2,0.17
9330747,r2,11591,0.6448593,3.333333333333333,4.962264150943396,0.8888888888888888,1.1364402692531237,0.7068208842908267,1.1136005310762591,1.4878048780487805,1.0209815792115036,153.83333333333334,0.0,XGBClassifier,no,13,2,0.17
9433353,r2,7727,0.5571977,0.9090909090909092,0.9676674364896074,1.131578947368421,1.140639540582696,0.3995464052923436,1.1070294784580499,81.0,0.8051008582316274,181.125,50.0,XGBClassifier,no,13,2,0.17
9330859,r2,14629,0.7136559,4.0,2.872340425531915,6.833333333333333,1.2890254000980175,0.7909870058059164,1.0570826306913998,3.857142857142857,0.9602785659014703,156.125,0.0,XGBClassifier,no,13,2,0.17
9954846,r2,30393,0.6311929,1.3888888888888888,1.4856262833675564,0.975,1.0813751274722385,1.0834236536439368,0.9887892376681614,0.5061728395061729,0.8165401323175088,157.93333333333334,20.0,XGBClassifier,no,13,2,0.17
9954853,r2,30407,0.52893925,1.0,1.1066525871172121,1.0,1.1021803587733507,1.0409466291252787,0.8972602739726028,1.0,0.8611458045168904,,80.0,XGBClassifier,no,13,2,0.17
9954860,r2,36014,0.5015032,1.0,1.2183098591549295,1.0714285714285714,0.9815492834364143,0.9185376617759068,0.9665907365223994,2.9047619047619047,0.9167863841003403,175.5,60.0,XGBClassifier,no,13,2,0.17
9954867,r2,48334,0.5251021,1.4285714285714286,1.0496760259179265,0.88,0.9868710095962386,0.9756215531044298,1.0023410066328522,1.4878048780487805,1.0989155844155845,119.63333333333334,100.0,XGBClassifier,no,13,2,0.17
9954874,r2,48341,0.5375904,1.8888888888888888,1.2226277372262773,1.0975609756097562,0.996983718558134,0.7240263791760126,1.0003793626707134,0.5061728395061729,1.1244689388217526,168.03333333333333,0.0,XGBClassifier,no,13,2,0.17
9954881,r2,30407,0.50784934,0.3928571428571428,0.6544574982722875,1.25,0.8626231412446179,1.0685520350744633,0.9931972789115645,1.0,1.244911591707912,188.375,50.0,XGBClassifier,no,13,2,0.17
9954888,r2,30414,0.5083153,0.9444444444444444,0.9691542288557214,1.0444444444444445,0.9647077418680021,1.075708157241467,1.0147895335608645,1.975609756097561,0.9265026085655157,157.93333333333334,66.67,XGBClassifier,no,13,2,0.17
9954895,r2,36014,0.5045689,1.5555555555555556,1.0364963503649636,0.8695652173913043,1.0137343771459966,1.3381989469721518,0.9992412746585736,0.2592592592592592,1.0416344918158453,181.625,0.0,XGBClassifier,no,13,2,0.17
9954902,r2,30421,0.504387,1.5384615384615383,1.0178010471204189,1.1,1.004538317477607,0.980309677909501,1.0894826123833758,1.4878048780487805,1.0023083941605841,119.63333333333334,75.0,XGBClassifier,no,13,2,0.17
9954909,r2,30393,0.6479798,1.9230769230769231,1.4103313840155944,0.7111111111111111,0.9233137403485432,0.6864825668193725,1.039277297721917,0.6721311475409836,0.8908162643972143,188.375,40.0,XGBClassifier,no,13,2,0.17
9954916,r2,48334,0.5194434,1.0833333333333333,0.9778247096092925,1.175,1.1219119747088646,1.0459486585466553,0.9752663622526637,1.0,0.7854412847575301,146.33333333333334,100.0,XGBClassifier,no,13,2,0.17
9954923,r2,48341,0.6177108,0.8333333333333334,0.8477611940298507,0.8333333333333334,1.1510938433254756,1.8482737445217203,0.9988623435722411,0.5121951219512195,0.926334606367426,168.03333333333333,50.0,XGBClassifier,no,13,2,0.17
9954930,r2,30414,0.6561469,0.6111111111111112,0.7854209445585215,0.7659574468085106,0.9795357445996881,1.2050982393261591,0.8811659192825111,0.5061728395061729,0.8753721707259715,181.75,40.0,XGBClassifier,no,13,2,0.17
9954937,r2,30428,0.6066677,0.3809523809523809,0.845679012345679,0.8181818181818182,1.0066987157263811,1.0868394809871955,1.0260801868431295,1.3278688524590163,1.0939860571719526,172.33333333333334,100.0,XGBClassifier,no,13,2,0.17
9954944,r2,48334,0.50784934,0.4642857142857143,0.6399447131997236,1.4838709677419355,0.9677872318233132,1.1176505676734334,0.9686318972033258,1.0,0.9778049600006042,188.375,0.0,XGBClassifier,no,13,2,0.17
9954951,r2,30400,0.54489493,1.0,1.3411764705882352,1.2162162162162162,1.1956574906926818,1.3096231645064738,1.0797285835453774,1.4878048780487805,1.0471204984499345,181.75,40.0,XGBClassifier,no,13,2,0.17
9954958,r2,48341,0.5826808,1.5384615384615383,0.9883495145631068,1.170731707317073,1.0570280311611797,0.802992611510599,1.0034246575342467,1.0,1.0617867658120392,168.03333333333333,100.0,XGBClassifier,no,13,2,0.17
9954965,r2,36014,0.5003189,1.2857142857142858,1.1431924882629108,1.0,0.8380791431226758,0.5820069459028263,1.0159453302961277,3.857142857142857,1.000181362325163,181.625,75.0,XGBClassifier,no,13,2,0.17
9954972,r2,30393,0.65013665,1.1428571428571428,1.4886831275720165,0.7045454545454546,1.0470314348327614,0.9170912945118443,1.0299727520435966,0.6721311475409836,0.9306436783701855,119.63333333333334,75.0,XGBClassifier,no,13,2,0.17
9954986,r2,48341,0.5900929,0.6842105263157895,0.9096267190569745,1.0222222222222221,1.0096062446079233,1.3025632409979522,0.9719378081152825,1.0,0.7397354252732995,146.33333333333334,0.0,XGBClassifier,no,13,2,0.17
9954979,r2,30435,0.55436444,2.125,1.6534181240063592,1.05,1.2222326225516664,1.0654392615458868,1.117896522476675,1.975609756097561,1.096511408198089,172.33333333333334,0.0,XGBClassifier,no,13,2,0.17
9983833,r2,30414,0.52101105,0.631578947368421,1.053388090349076,1.25,1.1334226353281318,1.5782245697275044,0.9514200298953661,0.7530864197530864,0.9166201437397804,157.93333333333334,40.0,XGBClassifier,no,13,2,0.17
9983840,r2,30407,0.5012829,1.0769230769230769,0.8271844660194175,0.975609756097561,1.2167384588920827,1.4841501608999699,1.0022831050228311,0.5121951219512195,0.9835698257546377,,50.0,XGBClassifier,no,13,2,0.17
9983847,r2,48341,0.5251021,1.1111111111111112,0.9671641791044776,1.0232558139534884,0.9625774922395142,1.2708087721991617,0.9742131209708002,1.4878048780487805,0.8129067871771187,119.63333333333334,25.0,XGBClassifier,no,13,2,0.17
9983854,r2,30393,0.63662505,1.4444444444444444,1.3913461538461538,0.8536585365853658,0.9460518025604252,0.8438148508175597,1.0037936267071321,0.5061728395061729,0.8506906210267238,172.33333333333334,80.0,XGBClassifier,no,13,2,0.17
9983861,r2,48334,0.5706155,1.181818181818182,0.9526748971193416,1.2777777777777777,1.094777339928693,1.004805269820202,1.0869380831212894,1.0,0.9120886156998337,146.33333333333334,100.0,XGBClassifier,no,13,2,0.17
9983868,r2,30428,0.63096595,0.4444444444444444,0.9754672897196262,0.9090909090909091,0.8479695258825931,0.9799597690997053,1.0229661346827559,0.6721311475409836,1.1585691029527339,,40.0,XGBClassifier,no,13,2,0.17
9983875,r2,48334,0.52019536,0.8461538461538461,0.9025341130604289,1.1111111111111112,0.8935712488763459,0.7672476305035874,1.006677140612726,0.6721311475409836,0.8710445617768058,175.5,100.0,XGBClassifier,no,13,2,0.17
9983882,r2,30414,0.5280678,1.0,0.9365384615384615,1.048780487804878,0.9200822913065866,0.7788410821376403,1.0151745068285283,1.0,1.041823405069251,172.33333333333334,75.0,XGBClassifier,no,13,2,0.17
9983889,r2,30393,0.52101105,0.4814814814814814,0.5888044229440221,1.2903225806451613,1.1814960431362835,1.585891674785755,0.9954648526077097,0.5121951219512195,1.22445747733608,188.375,25.0,XGBClassifier,no,13,2,0.17
9983896,r2,30428,0.59574264,0.5454545454545454,1.0555555555555556,1.0227272727272727,1.0879841142108253,1.3359280174599826,0.9910471000389255,1.0,1.0447088985290598,175.5,40.0,XGBClassifier,no,13,2,0.17
9983903,r2,48341,0.5826808,1.75,1.2210796915167095,1.131578947368421,1.0533974299713416,0.7714061307690331,1.1183206106870232,1.0,1.2329930195824503,168.03333333333333,66.67,XGBClassifier,no,13,2,0.17
9983910,r2,30435,0.61451584,4.25,1.6883116883116882,1.025,1.149729696068217,1.109065407843917,1.0030441400304413,1.975609756097561,0.9442561987746916,,50.0,XGBClassifier,no,13,2,0.17
9983917,r2,30414,0.5178726,1.1666666666666667,1.0518358531317495,0.8545454545454545,0.912890158876255,0.825839485856609,1.0440889582520483,1.975609756097561,1.2524783549783547,146.33333333333334,50.0,XGBClassifier,no,13,2,0.17
9983924,r2,30421,0.5012829,1.181818181818182,1.1314741035856575,0.9722222222222222,1.2482009323283756,1.4257696978634926,1.1170483460559797,0.5121951219512195,1.1421641034486931,160.8,33.33,XGBClassifier,no,13,2,0.17
9983938,r2,48341,0.63096595,0.2307692307692307,0.6784140969162996,0.8333333333333334,0.9648702143934438,1.2453414709741706,0.9965870307167234,1.0,0.9418086872039834,,0.0,XGBClassifier,no,13,2,0.17
9983931,r2,30393,0.51524144,0.4137931034482758,0.7090532135452661,1.2162162162162162,1.1293947774385027,1.4567012307875844,0.9622071050642478,1.4878048780487805,1.122565943131569,175.5,60.0,XGBClassifier,no,13,2,0.17
9983945,r2,30428,0.5218283,0.8636363636363636,1.0895061728395061,1.069767441860465,1.011019325833883,1.0868394809871955,1.0260801868431295,1.3278688524590163,1.0939860571719526,119.63333333333334,100.0,XGBClassifier,no,13,2,0.17
9983952,r2,30414,0.5178726,1.2142857142857142,1.0518358531317495,0.8545454545454545,0.9433084425664082,0.825839485856609,1.0440889582520483,1.975609756097561,1.2524783549783547,157.93333333333334,50.0,XGBClassifier,no,13,2,0.17
9983959,r2,48341,0.5900929,0.5384615384615384,0.8568281938325991,0.75,0.9493093219595247,1.2963340063204791,0.8941979522184299,1.0,0.8110345996432706,160.8,33.33,XGBClassifier,no,13,2,0.17
9983966,r2,30393,0.6320901,2.0,1.698356807511737,0.925,0.8690931665742196,0.6305600917761891,1.0045558086560364,1.9523809523809523,0.8166882219344948,181.625,75.0,XGBClassifier,no,13,2,0.17
9983973,r2,30407,0.5185187,1.3333333333333333,1.22874251497006,1.0,1.234564860554912,1.3632478185173942,0.9687975646879756,1.4878048780487805,0.901723424063796,175.5,60.0,XGBClassifier,no,13,2,0.17
9983987,r2,48334,0.50784934,0.5,0.9526748971193416,1.2790697674418605,1.0175996554608626,1.0249876059195269,0.9976644608797197,0.6721311475409836,0.9099880047035743,146.33333333333334,0.0,XGBClassifier,no,13,2,0.17
9983980,r2,30421,0.50784934,0.3,0.7346553352219075,1.135135135135135,0.8102565378235335,0.9385800167989508,0.8945371775417299,0.5061728395061729,0.9119832156085934,160.8,100.0,XGBClassifier,no,13,2,0.17
9984001,r2,30414,0.5413141,0.9444444444444444,0.9035250463821892,1.175,0.85761245813274,0.5820069459028263,1.0159453302961277,3.857142857142857,1.000181362325163,157.93333333333334,75.0,XGBClassifier,no,13,2,0.17
9983994,r2,48341,0.50784934,0.4285714285714285,0.6275051831375259,1.2972972972972974,0.9361975476115284,0.8580393891794085,0.9965986394557823,1.0,1.3218306526814618,168.03333333333333,66.67,XGBClassifier,no,13,2,0.17
9984008,r2,30400,0.5780867,0.5384615384615384,0.7582846003898636,0.9333333333333333,0.8205868315188982,0.7635784301179844,0.9261586802827966,0.6721311475409836,0.9549999274012041,175.5,60.0,XGBClassifier,no,13,2,0.17
9984015,r2,30435,0.58432233,1.2666666666666666,1.300982800982801,0.9787234042553191,1.0630654553845946,1.06034402241594,1.0284822473663675,1.975609756097561,1.2021983273596173,146.33333333333334,25.0,XGBClassifier,no,13,2,0.17
9984022,r2,30414,0.563324,1.8888888888888888,1.1664670658682634,0.975,1.0892361084684876,0.8637857024065797,1.0182648401826484,1.975609756097561,0.9837482082651967,157.93333333333334,20.0,XGBClassifier,no,13,2,0.17
9984029,r2,30428,0.51872915,0.7727272727272727,1.1090534979423867,1.0465116279069768,1.1192821851479289,1.4544074489848249,1.025301673803036,0.3442622950819672,1.1395336107159273,181.625,50.0,XGBClassifier,no,13,2,0.17
9984036,r2,30435,0.59574264,0.7777777777777778,0.9688385269121813,0.9782608695652174,1.0505171731093912,1.229186131742781,0.9658573596358119,0.7530864197530864,0.9549563193060444,172.33333333333334,50.0,XGBClassifier,no,13,2,0.17
9984043,r2,48341,0.50784934,0.6071428571428571,0.6945404284727021,1.162162162162162,0.99221223251517,0.8580393891794085,0.9965986394557823,1.0,1.3218306526814618,188.375,66.67,XGBClassifier,no,13,2,0.17
9984057,r2,48334,0.5828569,0.8,1.2604422604422605,0.9,1.0862001433396904,1.3033601672300301,0.9933671478735855,1.4878048780487805,1.1480468897712233,146.33333333333334,0.0,XGBClassifier,no,13,2,0.17
9984050,r2,30414,0.533062,2.0,1.1664670658682634,0.95,1.0892361084684876,0.8637857024065797,1.0182648401826484,1.975609756097561,0.9837482082651967,173.16666666666666,20.0,XGBClassifier,no,13,2,0.17
9984064,r2,36014,0.50199807,0.8666666666666667,0.8182692307692307,1.2352941176470589,1.1125161741373955,1.3381989469721518,0.9992412746585736,0.2592592592592592,1.0416344918158453,172.33333333333334,0.0,XGBClassifier,no,13,2,0.17
9984071,r2,30428,0.5900929,0.3181818181818182,0.8076131687242798,0.8372093023255814,0.8191850186228451,1.0200858183227248,0.9178668742701439,0.6721311475409836,0.9976969222506439,160.8,25.0,XGBClassifier,no,13,2,0.17
9984078,r2,48334,0.5029621,0.8461538461538461,1.1662468513853905,1.15,0.8750698596521757,0.7047458445258701,0.9730447987851177,1.9523809523809523,0.7985617941816233,181.625,100.0,XGBClassifier,no,13,2,0.17
9984085,r2,30393,0.6778454,3.111111111111111,1.732934131736527,1.3214285714285714,1.0931207450373888,0.9358458616667309,1.0068493150684932,1.0,0.8032698921439759,173.16666666666666,50.0,XGBClassifier,no,13,2,0.17
9984092,r2,48341,0.50784934,0.5238095238095238,0.9229979466119097,1.162162162162162,1.0051209423189351,0.9296201699951665,0.9854260089686099,0.5061728395061729,1.07932777604186,168.03333333333333,33.33,XGBClassifier,no,13,2,0.17
9984099,r2,30400,0.50199807,0.8888888888888888,0.9801699716713881,1.3235294117647058,1.0505171731093912,1.229186131742781,0.9658573596358119,0.7530864197530864,0.9549563193060444,175.5,50.0,XGBClassifier,no,13,2,0.17
9984106,r2,30428,0.51573586,1.0,1.0704845814977975,1.2571428571428571,0.999496918626588,1.1813694668431336,0.9600149476831091,0.7530864197530864,0.8773928747332131,157.93333333333334,66.67,XGBClassifier,no,13,2,0.17
9984113,r2,30393,0.65013665,2.8,1.4886831275720165,1.0277777777777777,1.0939138216990711,0.8990334715365134,1.1221374045801529,1.0,0.9327919708029196,188.375,80.0,XGBClassifier,no,13,2,0.17
9984127,r2,48334,0.5900929,0.5833333333333334,0.847732181425486,0.7659574468085106,0.8011009193270496,0.9952177103718199,0.9200156067108856,1.0,1.0963846963846962,160.8,0.0,XGBClassifier,no,13,2,0.17
9984134,r2,30428,0.5836092,2.0,0.98562874251497,1.162162162162162,1.1347269178193926,1.0204500547187827,0.9775494672754949,1.4878048780487805,0.8631336684634486,150.19230769230768,60.0,XGBClassifier,no,13,2,0.17
9984148,r2,48334,0.50784934,0.6,0.7677053824362606,1.2380952380952381,0.9386232937942814,0.9430901470275193,0.9723065250379364,0.5061728395061729,0.8318095086659248,172.33333333333334,75.0,XGBClassifier,no,13,2,0.17
9984155,r2,30393,0.6311929,1.3,1.4856262833675564,0.8918918918918919,1.0465046928205202,1.0834236536439368,0.9887892376681614,0.5061728395061729,0.8165401323175088,188.375,20.0,XGBClassifier,no,13,2,0.17
9984162,r2,30407,0.5029621,0.3076923076923077,0.75,1.0571428571428572,0.7648616943971313,0.6737862693041873,0.9977220956719818,1.9523809523809523,1.0167046342975765,181.625,50.0,XGBClassifier,no,13,2,0.17
9984176,r2,30400,0.59574264,0.8571428571428571,0.8961748633879781,0.7777777777777778,1.0650014886536068,1.0886869876043985,1.0345640219952867,0.3442622950819672,1.0907666358737633,168.03333333333333,40.0,XGBClassifier,no,13,2,0.17
9984183,r2,30393,0.60742414,1.368421052631579,1.6904205607476634,0.7674418604651163,1.0045506819317938,0.9170912945118443,1.0299727520435966,0.6721311475409836,0.9306436783701855,168.03333333333333,75.0,XGBClassifier,no,13,2,0.17
9984190,r2,30428,0.59574264,0.7368421052631579,0.9953271028037384,0.9302325581395349,1.1084355442671014,1.4544074489848249,1.025301673803036,0.3442622950819672,1.1395336107159273,157.93333333333334,50.0,XGBClassifier,no,13,2,0.17
9984197,r2,30400,0.5231032,1.0,0.9311475409836065,0.8888888888888888,1.0245541745800526,1.0886869876043985,1.0345640219952867,0.3442622950819672,1.0907666358737633,157.93333333333334,40.0,XGBClassifier,no,13,2,0.17
